,Brand,textblob
0,apple,0.13056941596415286
1,belkin,0.20681682900432896
2,boss audio systems,0.3073269323269323
3,garmin,0.21925165634843052
4,polk audio,0.16618137900746593
5,pwr+,0.5698313782991203
6,sangean,0.31951494288843685
7,sony,0.0825894809657696
8,tripp lite,0.0764929785661493
9,yamaha audio,0.13986529428018793
